推荐日期,股票代码,股票名称,所属板块,推荐原因,AI分析观点,AI决策,AI评分,推荐当日价,推荐次日日期,推荐次日价,当前价日期,当前价,次日涨幅(%),累计涨幅(%),累计推荐次数
20260325,601128,常熟银行,银行,当前无买入理由。严格遵守‘只做多头排列’的交易理念，目前属于坚决观望品种。,观望,sell,32.0,7.08,,,20260325,7.08,,0.0,9
20260325,600900,长江电力,水力发电,遵循‘严进策略’，当前不符合多头排列，暂不建议买入；等待回踩支撑后的缩量企稳机会。,观望,hold,52.0,27.21,,,20260325,27.21,,0.0,1
20260325,600016,民生银行,银行,符合多头排列且乖离率<2%的最佳买点区间，属于缩量回踩支撑的效率交易模式。,买入,buy,62.0,3.88,,,20260325,3.88,,0.0,3
20260325,601169,北京银行,银行,符合交易理念：多头排列+缩量回踩支撑+低乖离率（-1.06%），属于严进策略中的高胜率买点。,买入,buy,72.0,5.48,,,20260325,5.48,,0.0,2
20260325,601665,齐鲁银行,银行,符合交易理念中的‘缩量回踩支撑’与‘低乖离率’原则，业绩催化剂明确。,买入,buy,78.0,5.76,,,20260325,5.76,,0.0,3
20260325,603202,天有为,汽车配件,符合交易理念中的‘低乖离率’（1.46%）及‘筹码高集中度’要求，但受限于均线未完全多头，故判定为观望/轻仓试探。,观望,hold,58.0,94.71,,,20260325,94.71,,0.0,4
20260325,000538,云南白药,中成药,当前不符合买入条件：虽然乖离率在安全范围，但均线为空头排列，按照'严进策略'和'趋势交易'理念，不宜逆势买入,观望,sell,47.0,55.39,,,20260325,55.39,,0.0,8
20260325,000651,格力电器,家用电器,引用交易理念：当前乖离率1.41%符合‘严进策略’，但因不满足‘多头排列’且存在‘重大利空’，判定为观望。,观望,hold,45.0,38.13,,,20260325,38.13,,0.0,5
20260325,600285,羚锐制药,中成药,严格遵守‘不追高’原则，当前乖离率为负，且处于MA20关键支撑位，属于典型的‘缩量回踩支撑’买点。,买入,buy,74.0,22.04,,,20260325,22.04,,0.0,1
20260325,600582,天地科技,专用机械,符合核心理念：多头排列+乖离率<2%+缩量回踩支撑，属于高胜率交易机会。,买入,buy,78.0,5.98,,,20260325,5.98,,0.0,6
20260325,001227,兰州银行,银行,量化因子靠前：筹码支撑、波动收敛、筹码集中度,,,,2.28,,,20260325,2.28,,0.0,1
20260325,600283,钱江水利,水务,符合核心理念：多头排列+乖离率<2%+缩量回踩支撑。,买入,buy,72.0,9.41,,,20260325,9.41,,0.0,4
20260325,000088,盐田港,港口,符合趋势交易理念：多头排列+缩量回踩支撑+乖离率小于2%的安全区间。,买入,buy,68.0,4.62,,,20260325,4.62,,0.0,2
20260325,600908,无锡银行,银行,量化因子靠前：筹码支撑、筹码集中度、波动收敛,,,,5.88,,,20260325,5.88,,0.0,1
20260325,002797,第一创业,证券,基于趋势交易理念，当前不满足‘多头排列’必须条件，且股价处于均线下方，属于‘空头排列坚决不碰’或‘观望’范畴。,观望,hold,48.0,7.67,,,20260325,7.67,,0.0,1
20260325,600036,招商银行,银行,虽然当前不符合严进策略中的多头排列要求，但乖离率-0.25%处于安全范围，股价接近MA5获得一定支撑。考虑到招商银行作为优质银行股的估值优势（PE仅6.49），对于长线投资者可在支撑位附近小仓布局，但需严格设置止损。,观望,hold,45.0,39.26,,,20260325,39.26,,0.0,1
20260325,601860,紫金银行,银行,严格遵守趋势交易理念：顺势（多头排列）+不追高（负乖离）+效率（缩量回踩支撑位）。,买入,buy,77.0,2.81,,,20260325,2.81,,0.0,4
20260325,603323,苏农银行,银行,量化因子靠前：筹码集中度、动量(低权重)、波动收敛,,,,4.94,,,20260325,4.94,,0.0,1
20260325,600035,楚天高速,路桥,量化因子靠前：筹码集中度、筹码支撑、波动收敛,,,,3.91,,,20260325,3.91,,0.0,1
20260325,605011,杭州热电,供气供热,量化因子靠前：筹码集中度、波动收敛、筹码支撑,,,,21.5,,,20260325,21.5,,0.0,1
20260320,000538,云南白药,中成药,当前不符合买入条件：虽然乖离率在安全范围，但均线为空头排列，按照'严进策略'和'趋势交易'理念，不宜逆势买入,观望,sell,47.0,56.74,20260323,54.94,20260325,55.39,-3.1724,-2.3793,8
20260320,002966,苏州银行,银行,乖离率安全（0.2%<2%），估值偏低（PE 6.83），但因未满足MA5>MA10>MA20标准多头排列，不建议追高买入,持有,hold,65.0,8.24,20260323,7.92,20260325,8.36,-3.8835,1.4563,5
20260320,601860,紫金银行,银行,严格遵守趋势交易理念：顺势（多头排列）+不追高（负乖离）+效率（缩量回踩支撑位）。,买入,buy,77.0,2.8,20260323,2.64,20260325,2.81,-5.7143,0.3571,4
20260320,603202,天有为,汽车配件,符合交易理念中的‘低乖离率’（1.46%）及‘筹码高集中度’要求，但受限于均线未完全多头，故判定为观望/轻仓试探。,观望,hold,58.0,93.73,20260323,91.71,20260325,94.71,-2.1551,1.0456,4
20260320,601128,常熟银行,银行,当前无买入理由。严格遵守‘只做多头排列’的交易理念，目前属于坚决观望品种。,观望,sell,32.0,7.08,20260323,6.92,20260325,7.08,-2.2599,0.0,9
20260320,002958,青农商行,银行,符合交易理念：乖离率<2%为最佳买点区间，且出现缩量回调后的温和放量反弹信号。,持有/小仓介入,hold,65.0,3.11,20260323,2.93,20260325,3.09,-5.7878,-0.6431,5
20260320,600332,白云山,中成药,虽然乖离率安全且估值合理，但严格按照'严进策略'，空头排列坚决不碰,观望,hold,55.0,25.12,20260323,23.11,20260325,23.27,-8.0016,-7.3646,7
20260320,000888,峨眉山Ａ,旅游景点,符合趋势交易理念：多头排列顺势而为，且乖离率<2%满足不追高原则，回踩支撑位买入效率最高。,买入,buy,65.0,13.52,20260323,12.18,20260325,13.09,-9.9112,-3.1805,1
20260320,600582,天地科技,专用机械,符合核心理念：多头排列+乖离率<2%+缩量回踩支撑，属于高胜率交易机会。,买入,buy,78.0,6.01,20260323,5.7,20260325,5.98,-5.1581,-0.4992,6
20260320,000651,格力电器,家用电器,引用交易理念：当前乖离率1.41%符合‘严进策略’，但因不满足‘多头排列’且存在‘重大利空’，判定为观望。,观望,hold,45.0,38.22,20260323,36.94,20260325,38.13,-3.349,-0.2355,5
20260320,002839,张家港行,银行,严格遵循趋势交易理念：多头排列确立顺势而为；乖离率<2%（实为负值）为最佳买点；缩量回踩MA10获得支撑，符合效率优先原则。,买入,buy,79.0,4.55,20260323,4.28,20260325,4.53,-5.9341,-0.4396,2
20260320,601333,广深铁路,铁路,不符合买入标准：1)未满足MA5>MA10>MA20标准多头排列；2)虽乖离率安全但量能配合一般；3)缺乏明确催化剂,观望,hold,58.0,3.08,20260323,2.92,20260325,3.12,-5.1948,1.2987,2
20260320,002807,江阴银行,银行,符合‘趋势交易’与‘不追高’理念：均线多头排列且乖离率处于负值，属于缩量回踩支撑位的最佳买入点。,买入,buy,74.0,4.55,20260323,4.33,20260325,4.55,-4.8352,0.0,3
20260320,601665,齐鲁银行,银行,符合交易理念中的‘缩量回踩支撑’与‘低乖离率’原则，业绩催化剂明确。,买入,buy,78.0,5.75,20260323,5.5,20260325,5.76,-4.3478,0.1739,3
20260320,600941,中国移动,电信运营,符合趋势交易理念：顺势而为（多头排列）+ 效率优先（量比放大）+ 严禁追高（乖离率<2%）。,买入,buy,78.0,96.25,20260323,93.27,20260325,93.85,-3.0961,-2.4935,7
20260320,000915,华特达因,化学制药,虽然乖离率安全且PE偏低，但均线未形成多头排列，不满足'严进策略'和'趋势交易'的核心买入条件，建议继续观望,观望,hold,53.0,32.64,20260323,30.92,20260325,31.8,-5.2696,-2.5735,2
20260320,601169,北京银行,银行,符合交易理念：多头排列+缩量回踩支撑+低乖离率（-1.06%），属于严进策略中的高胜率买点。,买入,buy,72.0,5.42,20260323,5.26,20260325,5.48,-2.952,1.107,2
20260320,002947,恒铭达,元器件,符合交易理念中的‘缩量回踩支撑’买点，且乖离率处于负值区间，不属于追高，风险收益比极高。,买入,buy,72.0,48.25,20260323,48.25,20260325,51.9,0.0,7.5648,1
20260320,600925,苏能股份,煤炭开采,当前不符合‘趋势交易’的买入条件（非多头排列），仅乖离率处于安全区，属于防御性观望期。,观望,hold,45.0,4.78,20260323,4.74,20260325,4.98,-0.8368,4.1841,1
20260320,600757,长江传媒,出版业,严格遵守交易理念：多头排列+负乖离率+缩量回踩MA20支撑，属于高胜率买点。,买入,buy,78.0,9.0,20260323,8.46,20260325,8.8,-6.0,-2.2222,1
20260319,601128,常熟银行,银行,当前无买入理由。严格遵守‘只做多头排列’的交易理念，目前属于坚决观望品种。,观望,sell,32.0,7.13,20260320,7.08,20260325,7.08,-0.7013,-0.7013,9
20260319,000538,云南白药,中成药,当前不符合买入条件：虽然乖离率在安全范围，但均线为空头排列，按照'严进策略'和'趋势交易'理念，不宜逆势买入,观望,sell,47.0,56.73,20260320,56.74,20260325,55.39,0.0176,-2.3621,8
20260319,600332,白云山,中成药,虽然乖离率安全且估值合理，但严格按照'严进策略'，空头排列坚决不碰,观望,hold,55.0,25.22,20260320,25.12,20260325,23.27,-0.3965,-7.732,7
20260319,000563,陕国投Ａ,多元金融,符合“严进策略”，乖离率<2%为最佳买点；满足“效率优先”，筹码集中度优异；均线系统呈现初步多头迹象。,买入,buy,65.0,3.54,20260320,3.44,20260325,3.39,-2.8249,-4.2373,4
20260319,002966,苏州银行,银行,乖离率安全（0.2%<2%），估值偏低（PE 6.83），但因未满足MA5>MA10>MA20标准多头排列，不建议追高买入,持有,hold,65.0,8.22,20260320,8.24,20260325,8.36,0.2433,1.7032,5
20260319,603202,天有为,汽车配件,符合交易理念中的‘低乖离率’（1.46%）及‘筹码高集中度’要求，但受限于均线未完全多头，故判定为观望/轻仓试探。,观望,hold,58.0,92.83,20260320,93.73,20260325,94.71,0.9695,2.0252,4
20260319,600283,钱江水利,水务,符合核心理念：多头排列+乖离率<2%+缩量回踩支撑。,买入,buy,72.0,9.48,20260320,9.31,20260325,9.41,-1.7932,-0.7384,4
20260319,600582,天地科技,专用机械,符合核心理念：多头排列+乖离率<2%+缩量回踩支撑，属于高胜率交易机会。,买入,buy,78.0,6.07,20260320,6.01,20260325,5.98,-0.9885,-1.4827,6
20260319,002958,青农商行,银行,符合交易理念：乖离率<2%为最佳买点区间，且出现缩量回调后的温和放量反弹信号。,持有/小仓介入,hold,65.0,3.13,20260320,3.11,20260325,3.09,-0.639,-1.278,5
20260319,000651,格力电器,家用电器,引用交易理念：当前乖离率1.41%符合‘严进策略’，但因不满足‘多头排列’且存在‘重大利空’，判定为观望。,观望,hold,45.0,38.56,20260320,38.22,20260325,38.13,-0.8817,-1.1151,5
20260319,002807,江阴银行,银行,符合‘趋势交易’与‘不追高’理念：均线多头排列且乖离率处于负值，属于缩量回踩支撑位的最佳买入点。,买入,buy,74.0,4.6,20260320,4.55,20260325,4.55,-1.087,-1.087,3
20260319,002507,涪陵榨菜,食品,不符合买入条件：1）均线系统为空头排列，不满足MA5>MA10>MA20的多头排列要求；2）虽乖离率安全但处于下跌趋势中；3）缩量上涨表明买盘意愿不足；4）基本面存在业绩下滑和管理层变动的利空因素,观望,sell,38.0,12.9,20260320,12.81,20260325,12.52,-0.6977,-2.9457,3
20260319,002035,华帝股份,家用电器,基于交易理念，当前价格低于MA5且呈现缩量特征，属于技术性回踩，但因不满足标准多头排列，仅建议作为观察标的或极轻仓试探。,观望,hold,52.0,6.17,20260320,6.08,20260325,6.38,-1.4587,3.4036,2
20260319,002936,郑州银行,银行,依据趋势交易理念，当前不符合‘多头排列’必须条件，虽乖离率安全但效率优先原则下应保持观望。,观望,hold,58.0,1.91,20260320,1.9,20260325,1.89,-0.5236,-1.0471,4
20260319,000900,现代投资,路桥,虽然多头排列+乖离率安全+业绩预增，但考虑到行政处罚利空尚未完全消化，且当前价格已略高于MA5，不建议追高买入。持有者可继续持有，设好止损位。,持有,hold,72.0,4.25,20260320,4.21,20260325,4.2,-0.9412,-1.1765,3
20260319,603967,中创物流,仓储物流,遵循交易理念：当前虽非多头排列，但乖离率极低且筹码集中度高，属于左侧观察区，回踩MA20支撑不破为潜在买点。,观望,hold,52.0,12.95,20260320,12.72,20260325,12.8,-1.7761,-1.1583,3
20260319,002839,张家港行,银行,严格遵循趋势交易理念：多头排列确立顺势而为；乖离率<2%（实为负值）为最佳买点；缩量回踩MA10获得支撑，符合效率优先原则。,买入,buy,79.0,4.58,20260320,4.55,20260325,4.53,-0.655,-1.0917,2
20260319,000915,华特达因,化学制药,虽然乖离率安全且PE偏低，但均线未形成多头排列，不满足'严进策略'和'趋势交易'的核心买入条件，建议继续观望,观望,hold,53.0,32.75,20260320,32.64,20260325,31.8,-0.3359,-2.9008,2
20260319,000088,盐田港,港口,符合趋势交易理念：多头排列+缩量回踩支撑+乖离率小于2%的安全区间。,买入,buy,68.0,4.57,20260320,4.65,20260325,4.62,1.7505,1.0941,2
20260319,601997,贵阳银行,银行,严格遵守交易理念：多头排列+负乖离率+缩量回踩支撑。价格处于MA10支撑位，符合效率优先与风险控制原则。,买入,buy,72.0,5.82,20260320,5.78,20260325,5.77,-0.6873,-0.8591,1
20260318,000538,云南白药,中成药,当前不符合买入条件：虽然乖离率在安全范围，但均线为空头排列，按照'严进策略'和'趋势交易'理念，不宜逆势买入,观望,sell,47.0,56.86,20260319,56.73,20260325,55.39,-0.2286,-2.5853,8
20260318,601128,常熟银行,银行,当前无买入理由。严格遵守‘只做多头排列’的交易理念，目前属于坚决观望品种。,观望,sell,32.0,7.2,20260319,7.13,20260325,7.08,-0.9722,-1.6667,9
20260318,000153,丰原药业,化学制药,严格遵守‘不追高’原则，当前乖离率为负，且处于MA5与MA20双重支撑区间，符合回踩支撑买点要求。,买入,buy,62.0,6.67,20260319,6.49,20260325,6.23,-2.6987,-6.5967,4
20260318,600351,亚宝药业,中成药,引用交易理念：当前不满足MA5>MA10>MA20的多头排列，虽然乖离率安全，但效率优先原则下，应等待趋势明朗。,观望,hold,52.0,6.64,20260319,6.51,20260325,6.41,-1.9578,-3.4639,3
20260318,600582,天地科技,专用机械,符合核心理念：多头排列+乖离率<2%+缩量回踩支撑，属于高胜率交易机会。,买入,buy,78.0,6.09,20260319,6.07,20260325,5.98,-0.3284,-1.8062,6
20260318,603128,华贸物流,仓储物流,当前不符合‘趋势交易’买入条件。唯一支撑理由是贴近MA5且处于估值低位，仅适合极小仓位的左侧防守性埋伏。,观望,hold,45.0,5.93,20260319,5.85,20260325,5.64,-1.3491,-4.8904,5
20260318,000900,现代投资,路桥,虽然多头排列+乖离率安全+业绩预增，但考虑到行政处罚利空尚未完全消化，且当前价格已略高于MA5，不建议追高买入。持有者可继续持有，设好止损位。,持有,hold,72.0,4.3,20260319,4.25,20260325,4.2,-1.1628,-2.3256,3
20260318,603202,天有为,汽车配件,符合交易理念中的‘低乖离率’（1.46%）及‘筹码高集中度’要求，但受限于均线未完全多头，故判定为观望/轻仓试探。,观望,hold,58.0,93.6,20260319,92.83,20260325,94.71,-0.8226,1.1859,4
20260318,300425,中建环能,环境保护,符合趋势交易理念：多头排列确保方向向上，乖离率-1.13%满足‘严进策略’不追高要求，缩量回踩MA5/MA10区间为理想买点。,买入,buy,68.0,5.24,20260319,5.1,20260325,4.94,-2.6718,-5.7252,1
20260318,603167,渤海轮渡,水运,当前无买入理由。根据‘趋势交易’理念，空头排列坚决不碰，必须等待MA5>MA10>MA20的多头形态确立。,观望,sell,35.0,9.5,20260319,9.35,20260325,9.26,-1.5789,-2.5263,5
20260318,000651,格力电器,家用电器,引用交易理念：当前乖离率1.41%符合‘严进策略’，但因不满足‘多头排列’且存在‘重大利空’，判定为观望。,观望,hold,45.0,39.02,20260319,38.56,20260325,38.13,-1.1789,-2.2809,5
20260318,600941,中国移动,电信运营,符合趋势交易理念：顺势而为（多头排列）+ 效率优先（量比放大）+ 严禁追高（乖离率<2%）。,买入,buy,78.0,97.78,20260319,98.59,20260325,93.85,0.8284,-4.0192,7
20260318,600300,维维股份,软饮料,符合顺势交易理念：多头排列确立趋势，缩量回踩MA5/MA10提供非追高买点，量价配合健康。,买入,buy,68.0,3.68,20260319,3.61,20260325,3.43,-1.9022,-6.7935,1
20260318,601059,信达证券,证券,当前不符合买入条件：1.空头排列（MA5<MA10<MA20）违反多头排列原则；2.虽然乖离率0.11%安全，但趋势向下时不应买入；3.缩量上涨显示上攻动能不足,观望,sell,38.0,17.4,20260319,17.3,20260325,16.7,-0.5747,-4.023,2
20260318,000529,广弘控股,食品,基于趋势交易理念，当前虽非强力多头，但属于低乖离率的缩量回踩阶段，适合左侧轻仓埋伏支撑位。,观望,hold,58.0,6.06,20260319,5.94,20260325,5.68,-1.9802,-6.2706,1
20260318,002893,京能热力,供气供热,当前无买入理由。严格遵守交易理念：空头排列坚决不碰，不参与无量反弹。,观望,sell,42.0,11.53,20260319,12.0,20260325,13.25,4.0763,14.9176,2
20260318,000702,正虹科技,饲料,当前不满足买入条件。根据核心交易理念：未形成严格的多头排列（MA5>MA10>MA20），且PE为负值，存在基本面风险，不符合顺势而为和估值合理的原则，故建议观望。,观望,wait,50.0,7.01,20260319,6.83,20260325,6.42,-2.5678,-8.4165,1
20260318,603797,联泰环保,环境保护,严格遵守‘多头排列’原则，当前不满足买入条件，乖离率虽安全但趋势已坏，执行‘严进’策略，判定为观望。,观望,hold,42.0,4.99,20260319,4.8,20260325,4.69,-3.8076,-6.012,1
20260318,000829,天音控股,其他商业,基于交易理念，当前乖离率极低（0.02%），属于风险收益比极高的博弈点，但需严格执行止损。,观望,hold,58.0,10.77,20260319,10.69,20260325,10.31,-0.7428,-4.2711,1
20260318,600820,隧道股份,建筑工程,符合‘严进策略’，乖离率<2%为最佳买点区间；筹码结构极佳，现价贴近平均成本。,持有/回踩买入,hold,65.0,6.48,20260319,6.36,20260325,6.13,-1.8519,-5.4012,4
20260317,000563,陕国投Ａ,多元金融,符合“严进策略”，乖离率<2%为最佳买点；满足“效率优先”，筹码集中度优异；均线系统呈现初步多头迹象。,买入,buy,65.0,3.59,20260318,3.56,20260325,3.39,-0.8357,-5.571,4
20260317,600332,白云山,中成药,虽然乖离率安全且估值合理，但严格按照'严进策略'，空头排列坚决不碰,观望,hold,55.0,25.6,20260318,25.42,20260325,23.27,-0.7031,-9.1016,7
20260317,000538,云南白药,中成药,当前不符合买入条件：虽然乖离率在安全范围，但均线为空头排列，按照'严进策略'和'趋势交易'理念，不宜逆势买入,观望,sell,47.0,57.09,20260318,56.86,20260325,55.39,-0.4029,-2.9778,8
20260317,600787,中储股份,仓储物流,"虽然乖离率安全（0.48%）、筹码集中健康、无重大利空，但均线未形成多头排列，不满足趋势交易核心原则""严进策略""中的多头排列要求，因此当前不建议买入",持有/观望,hold,55.0,5.84,20260318,5.81,20260325,5.48,-0.5137,-6.1644,6
20260317,600351,亚宝药业,中成药,引用交易理念：当前不满足MA5>MA10>MA20的多头排列，虽然乖离率安全，但效率优先原则下，应等待趋势明朗。,观望,hold,52.0,6.65,20260318,6.64,20260325,6.41,-0.1504,-3.609,3
20260317,601128,常熟银行,银行,当前无买入理由。严格遵守‘只做多头排列’的交易理念，目前属于坚决观望品种。,观望,sell,32.0,7.26,20260318,7.2,20260325,7.08,-0.8264,-2.4793,9
20260317,603167,渤海轮渡,水运,当前无买入理由。根据‘趋势交易’理念，空头排列坚决不碰，必须等待MA5>MA10>MA20的多头形态确立。,观望,sell,35.0,9.54,20260318,9.5,20260325,9.26,-0.4193,-2.935,5
20260317,600016,民生银行,银行,符合多头排列且乖离率<2%的最佳买点区间，属于缩量回踩支撑的效率交易模式。,买入,buy,62.0,3.92,20260318,3.91,20260325,3.88,-0.2551,-1.0204,3
20260317,002958,青农商行,银行,符合交易理念：乖离率<2%为最佳买点区间，且出现缩量回调后的温和放量反弹信号。,持有/小仓介入,hold,65.0,3.17,20260318,3.15,20260325,3.09,-0.6309,-2.5237,5
20260317,600820,隧道股份,建筑工程,符合‘严进策略’，乖离率<2%为最佳买点区间；筹码结构极佳，现价贴近平均成本。,持有/回踩买入,hold,65.0,6.54,20260318,6.48,20260325,6.13,-0.9174,-6.2691,4
20260317,000404,长虹华意,家用电器,严格遵守‘不追高’原则，现价处于MA5之下且获得MA10支撑，满足回踩买点条件；多头排列确立，顺势而为。,买入,buy,68.0,7.18,20260318,7.26,20260325,7.01,1.1142,-2.3677,1
20260317,600170,上海建工,建筑工程,严格遵守‘不追高’理念，当前乖离率-1.61%极具性价比；满足‘趋势交易’多头排列条件，顺势而为。,买入,buy,79.0,2.94,20260318,2.91,20260325,2.83,-1.0204,-3.7415,1
20260317,600796,钱江生化,环境保护,符合交易理念：多头排列顺势而为，且乖离率<2%处于最佳买点区间，缩量回踩支撑有效。,买入,buy,65.0,6.99,20260318,6.9,20260325,6.54,-1.2876,-6.4378,1
20260317,603128,华贸物流,仓储物流,当前不符合‘趋势交易’买入条件。唯一支撑理由是贴近MA5且处于估值低位，仅适合极小仓位的左侧防守性埋伏。,观望,hold,45.0,5.92,20260318,5.93,20260325,5.64,0.1689,-4.7297,5
20260317,600582,天地科技,专用机械,符合核心理念：多头排列+乖离率<2%+缩量回踩支撑，属于高胜率交易机会。,买入,buy,78.0,6.08,20260318,6.09,20260325,5.98,0.1645,-1.6447,6
20260317,600283,钱江水利,水务,符合核心理念：多头排列+乖离率<2%+缩量回踩支撑。,买入,buy,72.0,9.43,20260318,9.46,20260325,9.41,0.3181,-0.2121,4
20260317,000651,格力电器,家用电器,引用交易理念：当前乖离率1.41%符合‘严进策略’，但因不满足‘多头排列’且存在‘重大利空’，判定为观望。,观望,hold,45.0,38.94,20260318,39.02,20260325,38.13,0.2054,-2.0801,5
20260317,000498,山东路桥,建筑工程,虽然乖离率安全且估值较低，但空头排列违反'顺势而为'交易理念，不建议逆势操作,观望,sell,35.0,6.13,20260318,6.09,20260325,5.79,-0.6525,-5.5465,2
20260317,600941,中国移动,电信运营,符合趋势交易理念：顺势而为（多头排列）+ 效率优先（量比放大）+ 严禁追高（乖离率<2%）。,买入,buy,78.0,97.74,20260318,97.78,20260325,93.85,0.0409,-3.9799,7
20260317,000598,兴蓉环境,水务,符合交易理念中的‘缩量回踩支撑’及‘低乖离率’原则，虽然趋势强度一般，但防御性极佳。,持有/逢低买入,hold,65.0,7.07,20260318,7.04,20260325,6.88,-0.4243,-2.6874,2
20260316,601128,常熟银行,银行,当前无买入理由。严格遵守‘只做多头排列’的交易理念，目前属于坚决观望品种。,观望,sell,32.0,7.19,20260317,7.26,20260325,7.08,0.9736,-1.5299,9
20260316,000538,云南白药,中成药,当前不符合买入条件：虽然乖离率在安全范围，但均线为空头排列，按照'严进策略'和'趋势交易'理念，不宜逆势买入,观望,sell,47.0,56.79,20260317,57.09,20260325,55.39,0.5283,-2.4652,8
20260316,600332,白云山,中成药,虽然乖离率安全且估值合理，但严格按照'严进策略'，空头排列坚决不碰,观望,hold,55.0,25.56,20260317,25.6,20260325,23.27,0.1565,-8.9593,7
20260316,000563,陕国投Ａ,多元金融,符合“严进策略”，乖离率<2%为最佳买点；满足“效率优先”，筹码集中度优异；均线系统呈现初步多头迹象。,买入,buy,65.0,3.57,20260317,3.59,20260325,3.39,0.5602,-5.042,4
20260316,603213,镇洋发展,化工原料,不符合买入条件：均线未形成多头排列，当前为弱势空头状态,观望,hold,45.0,13.68,20260317,13.59,20260325,13.42,-0.6579,-1.9006,1
20260316,300826,测绘股份,建筑工程,虽然乖离率处于安全范围（0.92%），但当前为空头排列，不符合'只做多头排列'的交易原则。高估值也增加了回调风险。建议等待MA5上穿MA10形成金叉、股价站稳MA20后再考虑介入。,观望,hold,45.0,17.07,20260317,16.89,20260325,16.48,-1.0545,-3.4564,4
20260316,600941,中国移动,电信运营,符合趋势交易理念：顺势而为（多头排列）+ 效率优先（量比放大）+ 严禁追高（乖离率<2%）。,买入,buy,78.0,97.7,20260317,97.74,20260325,93.85,0.0409,-3.9406,7
20260316,002507,涪陵榨菜,食品,不符合买入条件：1）均线系统为空头排列，不满足MA5>MA10>MA20的多头排列要求；2）虽乖离率安全但处于下跌趋势中；3）缩量上涨表明买盘意愿不足；4）基本面存在业绩下滑和管理层变动的利空因素,观望,sell,38.0,13.08,20260317,13.27,20260325,12.52,1.4526,-4.2813,3
20260316,603167,渤海轮渡,水运,当前无买入理由。根据‘趋势交易’理念，空头排列坚决不碰，必须等待MA5>MA10>MA20的多头形态确立。,观望,sell,35.0,9.56,20260317,9.54,20260325,9.26,-0.2092,-3.1381,5
20260316,300039,上海凯宝,中成药,,观望,hold,50.0,6.36,20260317,6.26,20260325,5.85,-1.5723,-8.0189,1
20260316,603128,华贸物流,仓储物流,当前不符合‘趋势交易’买入条件。唯一支撑理由是贴近MA5且处于估值低位，仅适合极小仓位的左侧防守性埋伏。,观望,hold,45.0,5.96,20260317,5.92,20260325,5.64,-0.6711,-5.3691,5
20260316,300013,新宁物流,仓储物流,严格遵守‘不追高’原则，当前乖离率-0.24%处于最佳买点区间；同时满足‘多头排列’核心条件，属于顺势交易范畴。,买入,buy,62.0,4.17,20260317,4.05,20260325,3.87,-2.8777,-7.1942,1
20260316,000153,丰原药业,化学制药,严格遵守‘不追高’原则，当前乖离率为负，且处于MA5与MA20双重支撑区间，符合回踩支撑买点要求。,买入,buy,62.0,6.69,20260317,6.58,20260325,6.23,-1.6442,-6.8759,4
20260316,600787,中储股份,仓储物流,"虽然乖离率安全（0.48%）、筹码集中健康、无重大利空，但均线未形成多头排列，不满足趋势交易核心原则""严进策略""中的多头排列要求，因此当前不建议买入",持有/观望,hold,55.0,5.91,20260317,5.84,20260325,5.48,-1.1844,-7.2758,6
20260316,600235,民丰特纸,造纸,符合交易理念中的‘缩量回踩支撑’及‘低乖离率’原则，现价偏离MA5约-1.3%，处于安全买点区间。,买入,buy,62.0,7.1,20260317,6.95,20260325,6.58,-2.1127,-7.3239,1
20260316,600283,钱江水利,水务,符合核心理念：多头排列+乖离率<2%+缩量回踩支撑。,买入,buy,72.0,9.56,20260317,9.43,20260325,9.41,-1.3598,-1.569,4
20260316,603018,华设集团,建筑工程,符合‘缩量回踩支撑’买点，且乖离率<2%处于最佳买点区间，风险收益比高。,持有/逢低买入,hold,68.0,7.92,20260317,7.87,20260325,7.36,-0.6313,-7.0707,1
20260316,002936,郑州银行,银行,依据趋势交易理念，当前不符合‘多头排列’必须条件，虽乖离率安全但效率优先原则下应保持观望。,观望,hold,58.0,1.94,20260317,1.95,20260325,1.89,0.5155,-2.5773,4
20260316,301559,中集环科,专用机械,引用交易理念：当前乖离率为负，属于回踩支撑买点，但由于量能过小，需等待确认支撑有效性，符合“严进策略”。,观望,hold,52.0,18.11,20260317,17.55,20260325,15.93,-3.0922,-12.0375,1
20260316,002746,仙坛股份,农业综合,符合核心理念：多头排列顺势而为，乖离率<2%为最佳买点，缩量回踩MA5获得支撑。,买入,buy,72.0,6.46,20260317,6.35,20260325,5.88,-1.7028,-8.9783,1
20260313,601128,常熟银行,银行,当前无买入理由。严格遵守‘只做多头排列’的交易理念，目前属于坚决观望品种。,观望,sell,32.0,7.2,20260316,7.19,20260325,7.08,-0.1389,-1.6667,9
20260313,600941,中国移动,电信运营,符合交易理念：多头排列顺势而为；乖离率小于2%处于最佳买点；缩量回踩MA5支撑有效。,买入,buy,85.0,97.89,20260316,97.7,20260325,93.85,-0.1941,-4.1271,7
20260313,600787,中储股份,仓储物流,"虽然乖离率安全（0.48%）、筹码集中健康、无重大利空，但均线未形成多头排列，不满足趋势交易核心原则""严进策略""中的多头排列要求，因此当前不建议买入",持有/观望,hold,55.0,5.9,20260316,5.91,20260325,5.48,0.1695,-7.1186,6
20260313,300021,大禹节水,建筑工程,目前不符合趋势交易买入条件。唯一潜在博弈点为极度缩量后的技术性抽抽，但胜率较低。,观望,hold,42.0,4.83,20260316,4.81,20260325,4.38,-0.4141,-9.3168,2
20260313,600351,亚宝药业,中成药,引用交易理念：当前不满足MA5>MA10>MA20的多头排列，虽然乖离率安全，但效率优先原则下，应等待趋势明朗。,观望,hold,52.0,6.66,20260316,6.69,20260325,6.41,0.4505,-3.7538,3
20260313,000153,丰原药业,化学制药,严格遵守‘不追高’原则，当前乖离率为负，且处于MA5与MA20双重支撑区间，符合回踩支撑买点要求。,买入,buy,62.0,6.67,20260316,6.69,20260325,6.23,0.2999,-6.5967,4
20260313,002941,新疆交建,建筑工程,严格遵守‘不追高’原则，当前价格处于MA5支撑位，乖离率<2%为最佳介入区间，且满足MA5>MA10>MA20的多头核心条件。,买入,buy,78.0,16.6,20260316,16.11,20260325,16.09,-2.9518,-3.0723,2
20260313,600704,物产中大,仓储物流,基于趋势交易理念，当前不满足MA5>MA10>MA20的多头条件，属于‘空头排列坚决不碰’范畴，仅因低乖离率给予观望评级。,观望,hold,45.0,5.62,20260316,5.5,20260325,5.09,-2.1352,-9.4306,1
20260313,600016,民生银行,银行,符合多头排列且乖离率<2%的最佳买点区间，属于缩量回踩支撑的效率交易模式。,买入,buy,62.0,3.96,20260316,3.93,20260325,3.88,-0.7576,-2.0202,3
20260313,603967,中创物流,仓储物流,遵循交易理念：当前虽非多头排列，但乖离率极低且筹码集中度高，属于左侧观察区，回踩MA20支撑不破为潜在买点。,观望,hold,52.0,13.01,20260316,13.19,20260325,12.8,1.3836,-1.6141,3
20260313,601059,信达证券,证券,当前不符合买入条件：1.空头排列（MA5<MA10<MA20）违反多头排列原则；2.虽然乖离率0.11%安全，但趋势向下时不应买入；3.缩量上涨显示上攻动能不足,观望,sell,38.0,17.44,20260316,17.33,20260325,16.7,-0.6307,-4.2431,2
20260313,600558,大西洋,钢加工,符合交易理念：多头排列+缩量回踩支撑+乖离率<2%的最佳买点区间。,买入,buy,65.0,6.3,20260316,6.12,20260325,5.58,-2.8571,-11.4286,1
20260313,600820,隧道股份,建筑工程,严格遵守交易理念：乖离率<2%为最佳买点；筹码集中度<15%显示结构健康；缩量回调后温和起步，风险收益比极高。,买入,buy,65.0,6.69,20260316,6.56,20260325,6.13,-1.9432,-8.3707,4
20260313,600467,好当家,渔业,符合交易理念中的‘低乖离率’原则，且筹码集中度极高，具备效率优先潜力，仅需等待趋势确认。,观望,hold,58.0,2.66,20260316,2.77,20260325,2.46,4.1353,-7.5188,1
20260313,002074,国轩高科,电气设备,符合核心理念：多头排列+乖离率<2%+回踩MA5支撑，属于高胜率进场点。,买入,buy,72.0,38.73,20260316,38.84,20260325,37.2,0.284,-3.9504,1
20260313,000650,仁和药业,中成药,符合交易理念中的‘严进策略’，乖离率<2%为最佳买点区间，且均线系统有向多头转化的迹象。,持有/买入,hold,58.0,5.92,20260316,5.93,20260325,5.59,0.1689,-5.5743,1
20260313,002349,精华制药,中成药,依据交易理念，当前乖离率0.03%属于‘严进策略’中的最佳买点区间，但因不满足‘多头排列’核心条件，仅定义为左侧试探性机会。,观望,hold,58.0,7.67,20260316,7.69,20260325,7.02,0.2608,-8.4746,1
20260313,300527,300527.SZ,专用机械,根据趋势交易理念：空头排列坚决不碰。目前MA5 < MA10 < MA20，不符合买入条件，安全性极低。,观望,sell,35.0,8.37,20260316,8.39,20260325,8.15,0.2389,-2.6284,1
20260313,000089,深圳机场,机场,符合交易理念中的‘低乖离率’介入原则（<2%），且筹码集中度极高，具备爆发潜力，仅需等待量能确认。,观望,hold,58.0,7.17,20260316,7.14,20260325,6.78,-0.4184,-5.4393,1
20260313,300915,海融科技,乳制品,符合核心理念：MA5>MA10>MA20顺势而为；乖离率-1.29%远低于5%，坚决不追高且属于回踩支撑买点。,买入,buy,72.0,25.92,20260316,25.66,20260325,22.8,-1.0031,-12.037,1
20260312,000538,云南白药,中成药,当前不符合买入条件：虽然乖离率在安全范围，但均线为空头排列，按照'严进策略'和'趋势交易'理念，不宜逆势买入,观望,sell,47.0,56.3,20260313,56.3,20260325,55.39,0.0,-1.6163,8
20260312,600332,白云山,中成药,虽然乖离率安全且估值合理，但严格按照'严进策略'，空头排列坚决不碰,观望,hold,55.0,25.38,20260313,25.46,20260325,23.27,0.3152,-8.3136,7
20260312,300573,兴齐眼药,化学制药,,,,,71.77,20260313,71.01,20260325,65.48,-1.0589,-8.7641,1
20260312,300826,测绘股份,建筑工程,虽然乖离率处于安全范围（0.92%），但当前为空头排列，不符合'只做多头排列'的交易原则。高估值也增加了回调风险。建议等待MA5上穿MA10形成金叉、股价站稳MA20后再考虑介入。,观望,hold,45.0,17.08,20260313,16.92,20260325,16.48,-0.9368,-3.5129,4
20260312,603310,巍华新材,化工原料,当前不符合买入条件：1)均线未形成多头排列；2)虽有业绩预增利好但高管减持利空压制；3)趋势强度仅40分。建议等待MA5上穿MA10形成金叉且股价站上均线系统后再考虑介入。,观望,hold,55.0,17.4,20260313,17.33,20260325,16.07,-0.4023,-7.6437,2
20260312,002966,苏州银行,银行,乖离率安全（0.2%<2%），估值偏低（PE 6.83），但因未满足MA5>MA10>MA20标准多头排列，不建议追高买入,持有,hold,65.0,8.29,20260313,8.3,20260325,8.36,0.1206,0.8444,5
20260312,600941,中国移动,电信运营,符合趋势交易理念：顺势而为（多头排列）+ 效率优先（量比放大）+ 严禁追高（乖离率<2%）。,买入,buy,78.0,96.44,20260313,97.89,20260325,93.85,1.5035,-2.6856,7
20260312,002936,郑州银行,银行,依据趋势交易理念，当前不符合‘多头排列’必须条件，虽乖离率安全但效率优先原则下应保持观望。,观望,hold,58.0,1.93,20260313,1.93,20260325,1.89,0.0,-2.0725,4
20260312,002958,青农商行,银行,符合交易理念：乖离率<2%为最佳买点区间，且出现缩量回调后的温和放量反弹信号。,持有/小仓介入,hold,65.0,3.17,20260313,3.17,20260325,3.09,0.0,-2.5237,5
20260312,600787,中储股份,仓储物流,"虽然乖离率安全（0.48%）、筹码集中健康、无重大利空，但均线未形成多头排列，不满足趋势交易核心原则""严进策略""中的多头排列要求，因此当前不建议买入",持有/观望,hold,55.0,5.92,20260313,5.9,20260325,5.48,-0.3378,-7.4324,6
20260312,000498,山东路桥,建筑工程,虽然乖离率安全且估值较低，但空头排列违反'顺势而为'交易理念，不建议逆势操作,观望,sell,35.0,6.19,20260313,6.28,20260325,5.79,1.454,-6.462,2
20260312,002507,涪陵榨菜,食品,不符合买入条件：1）均线系统为空头排列，不满足MA5>MA10>MA20的多头排列要求；2）虽乖离率安全但处于下跌趋势中；3）缩量上涨表明买盘意愿不足；4）基本面存在业绩下滑和管理层变动的利空因素,观望,sell,38.0,13.05,20260313,13.02,20260325,12.52,-0.2299,-4.0613,3
20260312,603128,华贸物流,仓储物流,当前不符合‘趋势交易’买入条件。唯一支撑理由是贴近MA5且处于估值低位，仅适合极小仓位的左侧防守性埋伏。,观望,hold,45.0,5.97,20260313,5.94,20260325,5.64,-0.5025,-5.5276,5
20260312,603167,渤海轮渡,水运,当前无买入理由。根据‘趋势交易’理念，空头排列坚决不碰，必须等待MA5>MA10>MA20的多头形态确立。,观望,sell,35.0,9.66,20260313,9.54,20260325,9.26,-1.2422,-4.1408,5
20260312,002893,京能热力,供气供热,当前无买入理由。严格遵守交易理念：空头排列坚决不碰，不参与无量反弹。,观望,sell,42.0,11.67,20260313,11.51,20260325,13.25,-1.371,13.539,2
20260312,000735,罗牛山,农业综合,,,,,7.73,20260313,7.62,20260325,6.82,-1.423,-11.7723,1
20260312,002307,北新路桥,建筑工程,,,,,5.17,20260313,5.2,20260325,4.74,0.5803,-8.3172,1
20260312,603300,海南华铁,多元金融,,,,,7.39,20260313,7.14,20260325,7.13,-3.3829,-3.5183,1
20260312,002035,华帝股份,家用电器,基于交易理念，当前价格低于MA5且呈现缩量特征，属于技术性回踩，但因不满足标准多头排列，仅建议作为观察标的或极轻仓试探。,观望,hold,52.0,6.17,20260313,6.27,20260325,6.38,1.6207,3.4036,2
20260312,000153,丰原药业,化学制药,严格遵守‘不追高’原则，当前乖离率为负，且处于MA5与MA20双重支撑区间，符合回踩支撑买点要求。,买入,buy,62.0,6.67,20260313,6.67,20260325,6.23,0.0,-6.5967,4
20260311,601860,紫金银行,银行,严格遵守趋势交易理念：顺势（多头排列）+不追高（负乖离）+效率（缩量回踩支撑位）。,买入,buy,77.0,2.79,20260312,2.85,20260325,2.81,2.1505,0.7168,4
20260311,002966,苏州银行,银行,乖离率安全（0.2%<2%），估值偏低（PE 6.83），但因未满足MA5>MA10>MA20标准多头排列，不建议追高买入,持有,hold,65.0,8.2,20260312,8.29,20260325,8.36,1.0976,1.9512,5
20260311,000538,云南白药,中成药,当前不符合买入条件：虽然乖离率在安全范围，但均线为空头排列，按照'严进策略'和'趋势交易'理念，不宜逆势买入,观望,sell,47.0,56.7,20260312,56.3,20260325,55.39,-0.7055,-2.3104,8
20260311,600332,白云山,中成药,虽然乖离率安全且估值合理，但严格按照'严进策略'，空头排列坚决不碰,观望,hold,55.0,25.27,20260312,25.38,20260325,23.27,0.4353,-7.9145,7
20260311,600787,中储股份,仓储物流,"虽然乖离率安全（0.48%）、筹码集中健康、无重大利空，但均线未形成多头排列，不满足趋势交易核心原则""严进策略""中的多头排列要求，因此当前不建议买入",持有/观望,hold,55.0,5.85,20260312,5.92,20260325,5.48,1.1966,-6.3248,6
20260311,600941,中国移动,电信运营,符合趋势交易理念：顺势而为（多头排列）+ 效率优先（量比放大）+ 严禁追高（乖离率<2%）。,买入,buy,78.0,96.59,20260312,96.44,20260325,93.85,-0.1553,-2.8367,7
20260311,300826,测绘股份,建筑工程,虽然乖离率处于安全范围（0.92%），但当前为空头排列，不符合'只做多头排列'的交易原则。高估值也增加了回调风险。建议等待MA5上穿MA10形成金叉、股价站稳MA20后再考虑介入。,观望,hold,45.0,17.17,20260312,17.08,20260325,16.48,-0.5242,-4.0186,4
20260311,600019,宝钢股份,普钢,,,,,7.04,20260312,7.09,20260325,6.42,0.7102,-8.8068,1
20260311,002004,华邦健康,农药化肥,符合交易理念：多头排列顺势而为，且乖离率<2%处于最佳买点区间，量价配合健康。,买入,buy,82.0,5.46,20260312,5.61,20260325,5.04,2.7473,-7.6923,1
20260311,002807,江阴银行,银行,符合‘趋势交易’与‘不追高’理念：均线多头排列且乖离率处于负值，属于缩量回踩支撑位的最佳买入点。,买入,buy,74.0,4.59,20260312,4.68,20260325,4.55,1.9608,-0.8715,3
20260311,600064,南京高科,园区开发,符合核心理念：乖离率<2%最佳买点；缩量回踩支撑有效；筹码结构极佳。,买入,buy,68.0,8.75,20260312,8.81,20260325,8.29,0.6857,-5.2571,1
20260311,603310,巍华新材,化工原料,当前不符合买入条件：1)均线未形成多头排列；2)虽有业绩预增利好但高管减持利空压制；3)趋势强度仅40分。建议等待MA5上穿MA10形成金叉且股价站上均线系统后再考虑介入。,观望,hold,55.0,17.36,20260312,17.4,20260325,16.07,0.2304,-7.4309,2
20260311,000563,陕国投Ａ,多元金融,符合“严进策略”，乖离率<2%为最佳买点；满足“效率优先”，筹码集中度优异；均线系统呈现初步多头迹象。,买入,buy,65.0,3.57,20260312,3.62,20260325,3.39,1.4006,-5.042,4
20260311,002958,青农商行,银行,符合交易理念：乖离率<2%为最佳买点区间，且出现缩量回调后的温和放量反弹信号。,持有/小仓介入,hold,65.0,3.11,20260312,3.17,20260325,3.09,1.9293,-0.6431,5
20260311,300021,大禹节水,建筑工程,当前不符合‘趋势交易’买入条件。仅有的博弈点在于筹码高度集中后的超跌反弹，但需等待放量信号。,观望,hold,42.0,4.9,20260312,4.82,20260325,4.38,-1.6327,-10.6122,2
20260311,002936,郑州银行,银行,依据趋势交易理念，当前不符合‘多头排列’必须条件，虽乖离率安全但效率优先原则下应保持观望。,观望,hold,58.0,1.91,20260312,1.93,20260325,1.89,1.0471,-1.0471,4
20260311,601665,齐鲁银行,银行,符合交易理念中的‘缩量回踩支撑’与‘低乖离率’原则，业绩催化剂明确。,买入,buy,78.0,5.7,20260312,5.79,20260325,5.76,1.5789,1.0526,3
20260311,600820,隧道股份,建筑工程,符合‘严进策略’，乖离率<2%为最佳买点区间；筹码结构极佳，现价贴近平均成本。,持有/回踩买入,hold,65.0,6.55,20260312,6.67,20260325,6.13,1.8321,-6.4122,4
20260311,000598,兴蓉环境,水务,符合交易理念中的‘缩量回踩支撑’及‘低乖离率’原则，虽然趋势强度一般，但防御性极佳。,持有/逢低买入,hold,65.0,7.1,20260312,7.18,20260325,6.88,1.1268,-3.0986,2
20260311,601128,常熟银行,银行,当前无买入理由。严格遵守‘只做多头排列’的交易理念，目前属于坚决观望品种。,观望,sell,32.0,7.23,20260312,7.24,20260325,7.08,0.1383,-2.0747,9
20260310,603167,渤海轮渡,水运,当前无买入理由。根据‘趋势交易’理念，空头排列坚决不碰，必须等待MA5>MA10>MA20的多头形态确立。,观望,sell,35.0,9.58,20260311,9.59,20260325,9.26,0.1044,-3.3403,5
20260310,603128,华贸物流,仓储物流,当前不符合‘趋势交易’买入条件。唯一支撑理由是贴近MA5且处于估值低位，仅适合极小仓位的左侧防守性埋伏。,观望,hold,45.0,5.98,20260311,5.95,20260325,5.64,-0.5017,-5.6856,5
20260310,002966,苏州银行,银行,乖离率安全（0.2%<2%），估值偏低（PE 6.83），但因未满足MA5>MA10>MA20标准多头排列，不建议追高买入,持有,hold,65.0,8.16,20260311,8.2,20260325,8.36,0.4902,2.451,5
20260310,601065,江盐集团,化工原料,量化因子靠前：chip_support、chip_concentration、volume_warmup,,,,8.74,20260311,8.99,20260325,8.42,2.8604,-3.6613,1
20260310,600787,中储股份,仓储物流,"虽然乖离率安全（0.48%）、筹码集中健康、无重大利空，但均线未形成多头排列，不满足趋势交易核心原则""严进策略""中的多头排列要求，因此当前不建议买入",持有/观望,hold,55.0,5.8,20260311,5.85,20260325,5.48,0.8621,-5.5172,6
20260310,601128,常熟银行,银行,当前无买入理由。严格遵守‘只做多头排列’的交易理念，目前属于坚决观望品种。,观望,sell,32.0,7.19,20260311,7.23,20260325,7.08,0.5563,-1.5299,9
20260310,000725,京东方Ａ,元器件,符合交易理念：多头排列+低乖离率+缩量回调+业绩支撑，属于顺势而为的合理买点,买入,buy,68.0,4.35,20260311,4.39,20260325,3.99,0.9195,-8.2759,1
20260310,002567,唐人神,饲料,根据趋势交易理念，严格遵守'多头排列必须条件'。当前MA5<MA10<MA20为空头排列，坚决不买入。虽然乖离率1.3%在安全范围，但'严进策略'要求趋势配合，逆势操作风险大。,观望,hold,45.0,4.4,20260311,4.43,20260325,4.05,0.6818,-7.9545,1
20260310,000900,现代投资,路桥,虽然多头排列+乖离率安全+业绩预增，但考虑到行政处罚利空尚未完全消化，且当前价格已略高于MA5，不建议追高买入。持有者可继续持有，设好止损位。,持有,hold,72.0,4.28,20260311,4.34,20260325,4.2,1.4019,-1.8692,3
20260310,600582,天地科技,专用机械,符合核心理念：多头排列+乖离率<2%+缩量回踩支撑，属于高胜率交易机会。,买入,buy,78.0,6.07,20260311,6.15,20260325,5.98,1.318,-1.4827,6
20260310,301327,华宝新能,电气设备,量化因子靠前：macd_early_signal、chip_support、volume_warmup,,,,59.83,20260311,63.89,20260325,67.63,6.7859,13.0369,1
20260310,300826,测绘股份,建筑工程,虽然乖离率处于安全范围（0.92%），但当前为空头排列，不符合'只做多头排列'的交易原则。高估值也增加了回调风险。建议等待MA5上穿MA10形成金叉、股价站稳MA20后再考虑介入。,观望,hold,45.0,17.18,20260311,17.17,20260325,16.48,-0.0582,-4.0745,4
20260310,601333,广深铁路,铁路,不符合买入标准：1)未满足MA5>MA10>MA20标准多头排列；2)虽乖离率安全但量能配合一般；3)缺乏明确催化剂,观望,hold,58.0,3.1,20260311,3.15,20260325,3.12,1.6129,0.6452,2
20260310,002941,新疆交建,建筑工程,严格遵守‘不追高’原则，当前价格处于MA5支撑位，乖离率<2%为最佳介入区间，且满足MA5>MA10>MA20的多头核心条件。,买入,buy,78.0,16.6,20260311,16.6,20260325,16.09,0.0,-3.0723,2
20260310,600269,赣粤高速,路桥,虽然乖离率安全且估值合理，但未满足MA5>MA10>MA20的多头排列条件，且量价配合不理想，不符合'严进策略'和'趋势交易'的核心原则,观望,hold,49.0,4.95,20260311,4.99,20260325,4.84,0.8081,-2.2222,1
20260310,000507,珠海港,新型电力,量化因子靠前：chip_support、chip_concentration、volume_warmup,,,,5.59,20260311,5.65,20260325,5.85,1.0733,4.6512,1
20260310,002108,沧州明珠,塑料,当前不符合买入条件：均线未多头排列+量价背离+基本面承压,观望,hold,55.0,4.94,20260311,5.04,20260325,4.56,2.0243,-7.6923,1
20260310,600332,白云山,中成药,虽然乖离率安全且估值合理，但严格按照'严进策略'，空头排列坚决不碰,观望,hold,55.0,25.22,20260311,25.27,20260325,23.27,0.1983,-7.732,7
20260310,603967,中创物流,仓储物流,遵循交易理念：当前虽非多头排列，但乖离率极低且筹码集中度高，属于左侧观察区，回踩MA20支撑不破为潜在买点。,观望,hold,52.0,13.03,20260311,13.22,20260325,12.8,1.4582,-1.7652,3
20260310,601860,紫金银行,银行,严格遵守趋势交易理念：顺势（多头排列）+不追高（负乖离）+效率（缩量回踩支撑位）。,买入,buy,77.0,2.77,20260311,2.79,20260325,2.81,0.722,1.444,4
20260309,002594,比亚迪,汽车整车,量化因子靠前：macd_boll_resonance、volatility_health、chip_support,,,,97.52,20260311,99.22,20260325,106.6,1.7432,9.3109,1
20260309,603619,中曼石油,石油开采,量化因子靠前：momentum、chip_support、macd_boll_resonance,,,,41.58,20260311,38.15,20260325,34.33,-8.2492,-17.4363,1
20260309,600938,中国海油,石油开采,虽然中长期趋势依然向好（多头排列、高股息政策、产量增长），但短期乖离率过高(8.72%>5%)且RSI超买，根据'严进策略'原则，严禁追高！建议等待股价回踩MA5或MA10获得支撑后再考虑介入，安全第一。,观望,hold,45.0,43.36,20260311,41.76,20260325,40.58,-3.69,-6.4114,3
20260309,600410,华胜天成,软件服务,遵循‘严进策略’，因乖离率过高判定为观望。仅在缩量回踩MA5支撑位时方可考虑介入。,观望,hold,58.0,30.51,20260311,32.68,20260325,25.6,7.1124,-16.0931,7
20260309,300249,依米康,IT设备,量化因子靠前：chip_support、chip_concentration、macd_boll_resonance,,,,18.63,20260311,18.77,20260325,17.6,0.7515,-5.5287,3
20260309,301638,南网数字,软件服务,量化因子靠前：macd_boll_resonance、volume_price、momentum,,,,31.77,20260311,35.25,20260325,29.63,10.9537,-6.7359,1
20260309,600470,六国化工,农药化肥,量化因子靠前：chip_support、momentum、macd_boll_resonance,,,,8.65,20260311,8.66,20260325,6.97,0.1156,-19.422,2
20260309,300317,珈伟新能,电气设备,量化因子靠前：momentum、macd_boll_resonance、chip_concentration,,,,5.9,20260311,5.67,20260325,6.34,-3.8983,7.4576,1
20260309,300332,天壕能源,供气供热,量化因子靠前：chip_support、macd_boll_resonance、volume_price,,,,6.51,20260311,6.21,20260325,6.78,-4.6083,4.1475,1
20260309,301658,首航新能,电气设备,量化因子靠前：macd_boll_resonance、volume_price、momentum,,,,41.0,20260311,45.94,20260325,61.1,12.0488,49.0244,1
20260309,603393,新天然气,供气供热,量化因子靠前：chip_support、momentum、macd_boll_resonance,,,,39.05,20260311,40.05,20260325,38.36,2.5608,-1.767,2
20260309,002546,新联电子,电气设备,量化因子靠前：macd_boll_resonance、momentum、chip_concentration,,,,11.67,20260311,11.24,20260325,9.52,-3.6847,-18.4233,2
20260309,300191,潜能恒信,石油开采,量化因子靠前：chip_support、momentum、volume_price,,,,49.23,20260311,45.45,20260325,36.55,-7.6782,-25.7567,1
20260309,300773,拉卡拉,软件服务,量化因子靠前：macd_boll_resonance、volume_price、chip_concentration,,,,29.48,20260311,28.76,20260325,24.42,-2.4423,-17.1642,1
20260309,301302,华如科技,软件服务,量化因子靠前：chip_support、momentum、macd_boll_resonance,,,,33.68,20260311,31.94,20260325,29.47,-5.1663,-12.5,1
20260309,600644,乐山电力,水力发电,量化因子靠前：macd_boll_resonance、chip_concentration、volatility_health,,,,13.6,20260311,13.28,20260325,13.29,-2.3529,-2.2794,1
20260309,002470,金正大,农药化肥,量化因子靠前：chip_support、momentum、macd_boll_resonance,,,,2.96,20260311,3.01,20260325,2.93,1.6892,-1.0135,2
20260309,000983,山西焦煤,煤炭开采,量化因子靠前：chip_support、chip_concentration、macd_boll_resonance,,,,7.36,20260311,7.23,20260325,7.13,-1.7663,-3.125,1
20260309,000993,闽东电力,水力发电,量化因子靠前：macd_boll_resonance、momentum、volume_price,,,,15.25,20260311,15.09,20260325,15.7,-1.0492,2.9508,1
20260309,300139,晓程科技,黄金,量化因子靠前：chip_support、momentum、chip_concentration,,,,74.0,20260311,69.31,20260325,58.99,-6.3378,-20.2838,1
20260306,601179,中国西电,电气设备,量化因子靠前：macd_boll_resonance、momentum、volume_price,,,,19.3,20260309,20.17,20260325,16.69,4.5078,-13.5233,1
20260306,600989,宝丰能源,化工原料,量化因子靠前：macd_boll_resonance、volume_price、momentum,,,,28.63,20260309,30.64,20260325,30.35,7.0206,6.0077,2
20260306,600470,六国化工,农药化肥,量化因子靠前：volume_price、macd_boll_resonance、momentum,,,,8.37,20260309,8.65,20260325,6.97,3.3453,-16.7264,2
20260306,600410,华胜天成,软件服务,遵循‘严进策略’，因乖离率过高判定为观望。仅在缩量回踩MA5支撑位时方可考虑介入。,观望,hold,58.0,29.73,20260309,30.51,20260325,25.6,2.6236,-13.8917,7
20260306,600397,江钨装备,专用机械,量化因子靠前：volume_price、momentum、macd_boll_resonance,持有,hold,50.0,19.99,20260309,20.47,20260325,15.18,2.4012,-24.062,2
20260306,600227,赤天化,农药化肥,量化因子靠前：volume_price、macd_boll_resonance、momentum,,,,3.29,20260309,3.62,20260325,3.98,10.0304,20.9726,1
20260306,300505,川金诺,农药化肥,量化因子靠前：volume_price、macd_boll_resonance、momentum,,,,36.12,20260309,35.12,20260325,30.71,-2.7685,-14.9779,1
20260306,300437,清水源,化工原料,量化因子靠前：momentum、macd_boll_resonance、volume_price,,,,20.08,20260309,19.38,20260325,15.85,-3.4861,-21.0657,1
20260306,300153,科泰电源,电气设备,量化因子靠前：macd_boll_resonance、volume_price、momentum,,,,39.44,20260309,38.32,20260325,28.77,-2.8398,-27.0538,2
20260306,002913,奥士康,元器件,量化因子靠前：macd_boll_resonance、volume_price、momentum,,,,53.12,20260309,53.18,20260325,48.0,0.113,-9.6386,1
20260306,002843,泰嘉股份,钢加工,量化因子靠前：volume_price、momentum、macd_boll_resonance,,,,27.93,20260309,26.66,20260325,21.28,-4.5471,-23.8095,1
20260306,002546,新联电子,电气设备,量化因子靠前：momentum、macd_boll_resonance、volume_price,,,,11.39,20260309,11.67,20260325,9.52,2.4583,-16.4179,2
20260306,002470,金正大,农药化肥,量化因子靠前：volume_price、momentum、macd_boll_resonance,,,,2.86,20260309,2.96,20260325,2.93,3.4965,2.4476,2
20260306,002378,章源钨业,小金属,量化因子靠前：momentum、volume_price、macd_boll_resonance,,,,44.7,20260309,44.91,20260325,32.13,0.4698,-28.1208,3
20260306,002261,拓维信息,软件服务,符合交易理念：MA5>MA10>MA20多头排列，乖离率3.18%未超5%可小仓介入。缩量回调主力洗盘特征明显。但RSI超买+估值偏高，需严格控制仓位。,持有,hold,72.0,39.05,20260309,42.96,20260325,35.72,10.0128,-8.5275,1
20260306,002015,协鑫能科,新型电力,虽然多头排列趋势良好，但MA10乖离率8.85%已超出安全范围，且缩量上涨表明上攻动能不足，不符合严进策略要求,持有,hold,72.0,15.62,20260309,17.18,20260325,20.02,9.9872,28.169,3
20260306,002001,新和成,化学制药,量化因子靠前：macd_boll_resonance、momentum、volume_price,,,,36.3,20260309,36.2,20260325,34.23,-0.2755,-5.7025,2
20260306,001696,宗申动力,摩托车,量化因子靠前：macd_boll_resonance、volume_price、volatility_health,,,,25.54,20260309,24.6,20260325,19.35,-3.6805,-24.2365,1
20260306,000988,华工科技,专用机械,量化因子靠前：macd_boll_resonance、momentum、volume_price,,,,114.78,20260309,118.6,20260325,115.74,3.3281,0.8364,3
20260306,000833,粤桂股份,综合类,量化因子靠前：volume_price、macd_boll_resonance、momentum,,,,26.32,20260309,26.66,20260325,24.38,1.2918,-7.3708,1
20260305,002008,大族激光,专用机械,量化因子靠前：chip_support、momentum、macd_boll_resonance,,,,71.48,20260306,69.54,20260325,63.89,-2.714,-10.6184,1
20260305,600089,特变电工,电气设备,量化因子靠前：macd_boll_resonance、volume_price、volatility_health,,,,32.78,20260306,32.23,20260325,29.08,-1.6779,-11.2874,1
20260305,002639,雪人集团,专用机械,量化因子靠前：macd_boll_resonance、chip_concentration、volatility_health,,,,22.41,20260306,21.98,20260325,17.42,-1.9188,-22.2668,1
20260305,300296,利亚德,元器件,量化因子靠前：macd_boll_resonance、volume_price、momentum,,,,9.14,20260306,8.55,20260325,7.78,-6.4551,-14.8796,1
20260305,300179,四方达,矿物制品,量化因子靠前：chip_support、momentum、macd_boll_resonance,,,,27.0,20260306,26.0,20260325,21.6,-3.7037,-20.0,1
20260305,601727,上海电气,电气设备,量化因子靠前：macd_boll_resonance、volume_price、volatility_health,,,,9.46,20260306,9.36,20260325,8.25,-1.0571,-12.7907,1
20260305,300423,昇辉科技,电气设备,量化因子靠前：macd_boll_resonance、volume_price、momentum,,,,11.58,20260306,11.22,20260325,8.87,-3.1088,-23.4024,1
20260305,300499,高澜股份,专用机械,量化因子靠前：chip_support、momentum、macd_boll_resonance,,,,38.66,20260306,37.8,20260325,38.49,-2.2245,-0.4397,1
20260305,002248,华东数控,机床制造,量化因子靠前：chip_support、chip_concentration、macd_boll_resonance,,,,13.82,20260306,13.92,20260325,12.33,0.7236,-10.7815,1
20260305,002353,杰瑞股份,化工机械,量化因子靠前：momentum、macd_boll_resonance、volume_price,,,,123.41,20260306,122.5,20260325,100.31,-0.7374,-18.7181,1
20260305,300153,科泰电源,电气设备,量化因子靠前：chip_support、macd_boll_resonance、volume_price,,,,36.99,20260306,39.44,20260325,28.77,6.6234,-22.2222,2
20260305,300739,明阳电路,元器件,量化因子靠前：chip_support、momentum、volume_price,,,,30.01,20260306,30.2,20260325,25.35,0.6331,-15.5282,2
20260305,002436,兴森科技,元器件,量化因子靠前：chip_support、chip_concentration、macd_boll_resonance,,,,25.53,20260306,25.09,20260325,21.1,-1.7235,-17.3521,1
20260305,600410,华胜天成,软件服务,遵循‘严进策略’，因乖离率过高判定为观望。仅在缩量回踩MA5支撑位时方可考虑介入。,观望,hold,58.0,28.35,20260306,29.73,20260325,25.6,4.8677,-9.7002,7
20260305,600513,联环药业,化学制药,量化因子靠前：macd_boll_resonance、volatility_health、volume_price,,,,22.16,20260306,22.66,20260325,22.8,2.2563,2.8881,1
20260305,601611,中国核建,建筑工程,量化因子靠前：macd_boll_resonance、volume_price、chip_support,,,,16.79,20260306,16.56,20260325,14.94,-1.3699,-11.0185,1
20260305,001267,汇绿生态,建筑工程,量化因子靠前：macd_boll_resonance、volume_price、momentum,,,,36.96,20260306,39.19,20260325,40.89,6.0335,10.6331,1
20260305,002300,太阳电缆,电气设备,量化因子靠前：macd_boll_resonance、chip_concentration、volume_price,,,,10.15,20260306,10.52,20260325,9.93,3.6453,-2.1675,1
20260305,002366,融发核电,专用机械,量化因子靠前：macd_boll_resonance、volatility_health、volume_price,,,,8.2,20260306,8.08,20260325,7.97,-1.4634,-2.8049,1
20260305,300990,同飞股份,专用机械,量化因子靠前：chip_support、chip_concentration、macd_boll_resonance,,,,91.94,20260306,91.0,20260325,81.61,-1.0224,-11.2356,1
20260304,000988,华工科技,专用机械,量化因子靠前：momentum、volume_price、rsi_volume,,,,101.55,20260305,106.61,20260325,115.74,4.9828,13.9734,3
20260304,600410,华胜天成,软件服务,遵循‘严进策略’，因乖离率过高判定为观望。仅在缩量回踩MA5支撑位时方可考虑介入。,观望,hold,58.0,29.06,20260305,28.35,20260325,25.6,-2.4432,-11.9064,7
20260304,600875,东方电气,电气设备,量化因子靠前：volume_price、momentum、rsi_volume,,,,38.37,20260305,42.21,20260325,37.83,10.0078,-1.4073,1
20260304,002378,章源钨业,小金属,量化因子靠前：momentum、volume_price、rsi_volume,,,,44.98,20260305,41.8,20260325,32.13,-7.0698,-28.5683,3
20260304,002498,汉缆股份,电气设备,量化因子靠前：volume_price、momentum、rsi_volume,,,,8.13,20260305,8.94,20260325,9.02,9.9631,10.9471,1
20260304,600498,烽火通信,通信设备,虽然趋势为多头排列，但根据'严进策略'，乖离率8.35%已超过5%红线，严禁追高。需等待缩量回调至MA5附近再考虑介入。,观望,hold,52.0,58.44,20260305,56.77,20260325,46.95,-2.8576,-19.6612,2
20260304,001896,豫能控股,火力发电,量化因子靠前：momentum、volume_price、rsi_volume,,,,14.26,20260305,14.44,20260325,16.07,1.2623,12.6928,1
20260304,002272,川润股份,机械基件,量化因子靠前：volume_price、momentum、rsi_volume,,,,21.07,20260305,21.01,20260325,16.75,-0.2848,-20.5031,2
20260304,600821,金开新能,新型电力,遵循趋势交易理念，多头排列确立。但根据严进策略，当前乖离率>5%，必须等待回踩支撑位后的安全买点。,持仓者持有/空仓者观望,hold,58.0,7.87,20260305,7.82,20260325,11.25,-0.6353,42.9479,2
20260304,300303,聚飞光电,半导体,量化因子靠前：volume_price、momentum、rsi_volume,,,,10.44,20260305,12.53,20260325,9.31,20.0192,-10.8238,1
20260304,002897,意华股份,元器件,量化因子靠前：momentum、volume_price、rsi_volume,,,,68.52,20260305,69.8,20260325,62.14,1.8681,-9.3112,1
20260304,600108,亚盛集团,种植业,量化因子靠前：volume_price、momentum、rsi_volume,,,,5.29,20260305,5.02,20260325,5.01,-5.104,-5.293,2
20260304,600149,廊坊发展,综合类,量化因子靠前：volume_price、momentum、rsi_volume,,,,6.97,20260305,6.87,20260325,6.71,-1.4347,-3.7303,1
20260304,603530,神马电力,电气设备,量化因子靠前：volume_price、momentum、rsi_volume,,,,67.21,20260305,71.48,20260325,60.15,6.3532,-10.5044,1
20260304,601975,招商南油,水运,符合趋势交易理念：多头排列顺势而为，且当前处于强势趋势股回踩买点观察期，筹码结构健康。,持有/回踩买入,hold,72.0,5.22,20260305,4.94,20260325,4.64,-5.364,-11.1111,4
20260304,003035,南网能源,新型电力,量化因子靠前：momentum、volume_price、rsi_volume,,,,8.4,20260305,8.96,20260325,9.34,6.6667,11.1905,1
20260304,600236,桂冠电力,水力发电,量化因子靠前：volume_price、momentum、rsi_volume,,,,10.85,20260305,11.62,20260325,9.79,7.0968,-9.7696,1
20260304,600545,卓郎智能,纺织机械,量化因子靠前：volume_price、momentum、rsi_volume,,,,3.43,20260305,3.77,20260325,3.93,9.9125,14.5773,1
20260304,603318,水发燃气,供气供热,量化因子靠前：volume_price、momentum、rsi_volume,,,,10.67,20260305,9.6,20260325,8.21,-10.0281,-23.0553,1
20260304,002348,高乐股份,文教休闲,量化因子靠前：momentum、volume_price、rsi_volume,,,,8.43,20260305,8.15,20260325,7.51,-3.3215,-10.9134,1
20260303,601857,中国石油,石油开采,虽然均线多头排列显示中长期趋势向好，但根据'严进策略'原则，乖离率超过5%严禁追高。当前价格已偏离MA5达10.17%，属于典型的高位追高风险区域，必须等待回调后再考虑介入。,观望,hold,52.0,13.15,20260304,13.24,20260325,11.7,0.6844,-11.0266,2
20260303,600028,中国石化,石油加工,量化因子靠前：macd_boll_resonance、volume_price、volatility_health,,,,7.82,20260304,7.4,20260325,5.92,-5.3708,-24.2967,2
20260303,600938,中国海油,石油开采,虽然中长期趋势依然向好（多头排列、高股息政策、产量增长），但短期乖离率过高(8.72%>5%)且RSI超买，根据'严进策略'原则，严禁追高！建议等待股价回踩MA5或MA10获得支撑后再考虑介入，安全第一。,观望,hold,45.0,43.41,20260304,42.85,20260325,40.58,-1.29,-6.5192,3
20260303,600256,广汇能源,石油开采,量化因子靠前：macd_boll_resonance、volume_price、momentum,,,,7.12,20260304,6.88,20260325,6.84,-3.3708,-3.9326,1
20260303,601872,招商轮船,水运,量化因子靠前：macd_boll_resonance、volume_price、momentum,,,,19.65,20260304,17.71,20260325,17.41,-9.8728,-11.3995,2
20260303,601919,中远海控,水运,量化因子靠前：macd_boll_resonance、volume_price、volatility_health,,,,16.97,20260304,15.85,20260325,15.17,-6.5999,-10.607,1
20260303,600989,宝丰能源,化工原料,量化因子靠前：macd_boll_resonance、volume_price、momentum,,,,28.51,20260304,26.95,20260325,30.35,-5.4718,6.4539,2
20260303,601975,招商南油,水运,符合趋势交易理念：多头排列顺势而为，且当前处于强势趋势股回踩买点观察期，筹码结构健康。,持有/回踩买入,hold,72.0,4.97,20260304,5.22,20260325,4.64,5.0302,-6.6398,4
20260303,002015,协鑫能科,新型电力,虽然多头排列趋势良好，但MA10乖离率8.85%已超出安全范围，且缩量上涨表明上攻动能不足，不符合严进策略要求,持有,hold,72.0,14.13,20260304,14.31,20260325,20.02,1.2739,41.6844,3
20260303,600026,中远海能,水运,量化因子靠前：macd_boll_resonance、volume_price、momentum,,,,24.9,20260304,23.79,20260325,25.33,-4.4578,1.7269,2
20260303,600583,海油工程,石油开采,量化因子靠前：macd_boll_resonance、volume_price、momentum,,,,8.72,20260304,8.17,20260325,6.52,-6.3073,-25.2294,2
20260303,002384,东山精密,元器件,量化因子靠前：macd_boll_resonance、volume_price、momentum,,,,94.88,20260304,95.0,20260325,108.21,0.1265,14.0493,2
20260303,600744,华银电力,火力发电,量化因子靠前：macd_boll_resonance、momentum、volume_price,,,,8.39,20260304,8.22,20260325,8.99,-2.0262,7.1514,1
20260303,002001,新和成,化学制药,量化因子靠前：macd_boll_resonance、volatility_health、volume_price,,,,33.89,20260304,33.3,20260325,34.23,-1.7409,1.0032,2
20260303,601866,中远海发,水运,量化因子靠前：macd_boll_resonance、volume_price、volatility_health,,,,3.25,20260304,2.94,20260325,2.77,-9.5385,-14.7692,1
20260303,601969,海南矿业,普钢,量化因子靠前：macd_boll_resonance、volume_price、volatility_health,,,,13.65,20260304,13.44,20260325,11.49,-1.5385,-15.8242,1
20260303,603393,新天然气,供气供热,量化因子靠前：macd_boll_resonance、volume_price、momentum,,,,41.0,20260304,39.0,20260325,38.36,-4.878,-6.439,2
20260303,002911,佛燃能源,供气供热,量化因子靠前：macd_boll_resonance、volume_price、volatility_health,,,,17.77,20260304,15.99,20260325,14.41,-10.0169,-18.9083,1
20260303,300135,宝利国际,石油加工,量化因子靠前：macd_boll_resonance、volume_price、momentum,,,,5.16,20260304,4.67,20260325,3.98,-9.4961,-22.8682,1
20260303,600108,亚盛集团,种植业,量化因子靠前：macd_boll_resonance、volume_price、momentum,,,,4.81,20260304,5.29,20260325,5.01,9.9792,4.158,2
20260302,600176,中国巨石,玻璃,量化因子靠前：momentum、macd_boll_resonance、volume_price,,,,28.35,20260303,26.45,20260325,25.29,-6.7019,-10.7937,2
20260302,601857,中国石油,石油开采,虽然均线多头排列显示中长期趋势向好，但根据'严进策略'原则，乖离率超过5%严禁追高。当前价格已偏离MA5达10.17%，属于典型的高位追高风险区域，必须等待回调后再考虑介入。,观望,hold,52.0,11.95,20260303,13.15,20260325,11.7,10.0418,-2.0921,2
20260302,601975,招商南油,水运,符合趋势交易理念：多头排列顺势而为，且当前处于强势趋势股回踩买点观察期，筹码结构健康。,持有/回踩买入,hold,72.0,4.52,20260303,4.97,20260325,4.64,9.9558,2.6549,4
20260302,600938,中国海油,石油开采,虽然中长期趋势依然向好（多头排列、高股息政策、产量增长），但短期乖离率过高(8.72%>5%)且RSI超买，根据'严进策略'原则，严禁追高！建议等待股价回踩MA5或MA10获得支撑后再考虑介入，安全第一。,观望,hold,45.0,39.46,20260303,43.41,20260325,40.58,10.0101,2.8383,3
20260302,002384,东山精密,元器件,量化因子靠前：macd_boll_resonance、volume_price、momentum,,,,91.03,20260303,94.88,20260325,108.21,4.2294,18.8729,2
20260302,600410,华胜天成,软件服务,遵循‘严进策略’，因乖离率过高判定为观望。仅在缩量回踩MA5支撑位时方可考虑介入。,观望,hold,58.0,29.98,20260303,27.85,20260325,25.6,-7.1047,-14.6097,7
20260302,000988,华工科技,专用机械,量化因子靠前：macd_boll_resonance、volume_price、momentum,,,,94.97,20260303,95.83,20260325,115.74,0.9055,21.8701,3
20260302,603688,石英股份,矿物制品,量化因子靠前：macd_boll_resonance、momentum、volume_price,,,,52.08,20260303,48.57,20260325,43.1,-6.7396,-17.2427,1
20260302,300249,依米康,IT设备,量化因子靠前：macd_boll_resonance、volume_price、momentum,,,,19.78,20260303,18.84,20260325,17.6,-4.7523,-11.0212,3
20260302,601872,招商轮船,水运,量化因子靠前：macd_boll_resonance、volume_price、momentum,,,,17.86,20260303,19.65,20260325,17.41,10.0224,-2.5196,2
20260302,603738,泰晶科技,元器件,引用交易理念：‘均线发散上行’符合趋势，但‘偏离MA5超过5%’触发一票否决追高，必须执行‘严进策略’。,持仓者减仓/空仓者观望,hold,58.0,23.96,20260303,23.0,20260325,25.38,-4.0067,5.9265,2
20260302,002541,鸿路钢构,钢加工,量化因子靠前：macd_boll_resonance、volume_price、volatility_health,,,,24.74,20260303,23.83,20260325,20.66,-3.6783,-16.4915,1
20260302,600026,中远海能,水运,量化因子靠前：macd_boll_resonance、volume_price、momentum,,,,22.64,20260303,24.9,20260325,25.33,9.9823,11.8816,2
20260302,605366,宏柏新材,化工原料,量化因子靠前：macd_boll_resonance、volume_price、momentum,,,,9.5,20260303,9.97,20260325,11.21,4.9474,18.0,1
20260302,300814,中富电路,元器件,量化因子靠前：macd_boll_resonance、volume_price、momentum,,,,109.78,20260303,103.29,20260325,86.15,-5.9118,-21.5249,1
20260302,300715,凯伦股份,其他建材,量化因子靠前：macd_boll_resonance、volume_price、volatility_health,,,,14.66,20260303,14.72,20260325,13.47,0.4093,-8.1173,1
20260302,600010,包钢股份,普钢,引用交易理念：虽满足多头排列，但乖离率（12.27%）远超5%警戒线，根据‘严进策略’，当前位置判定为观望，必须等待回踩MA5支撑。,观望（严禁追高）,hold,58.0,3.32,20260303,3.01,20260325,2.58,-9.3373,-22.2892,2
20260302,600028,中国石化,石油加工,量化因子靠前：macd_boll_resonance、volume_price、volatility_health,,,,7.11,20260303,7.82,20260325,5.92,9.9859,-16.737,2
20260302,600583,海油工程,石油开采,量化因子靠前：macd_boll_resonance、volume_price、momentum,,,,7.93,20260303,8.72,20260325,6.52,9.9622,-17.7806,2
20260302,301489,思泉新材,元器件,量化因子靠前：macd_boll_resonance、volume_price、momentum,,,,206.8,20260303,202.04,20260325,172.52,-2.3017,-16.5764,1
20260227,300846,首都在线,软件服务,严格遵循趋势交易理念：MA5>MA10>MA20多头排列，且乖离率4.64%未超过5%追高警戒线，属于强势趋势股的回踩/突破初期介入点。,加仓/持有,hold,75.0,35.5,20260302,35.3,20260325,30.16,-0.5634,-15.0423,2
20260227,600589,大位科技,软件服务,符合趋势交易理念：MA5>MA10>MA20多头排列，且当前价格回靠MA5，乖离率处于2%-5%的可介入区间。,持有/小仓位介入,hold,62.0,13.04,20260302,12.22,20260325,11.14,-6.2883,-14.5706,2
20260227,600410,华胜天成,软件服务,遵循‘严进策略’，因乖离率过高判定为观望。仅在缩量回踩MA5支撑位时方可考虑介入。,观望,hold,58.0,28.94,20260302,29.98,20260325,25.6,3.5936,-11.5411,7
20260227,600010,包钢股份,普钢,引用交易理念：虽满足多头排列，但乖离率（12.27%）远超5%警戒线，根据‘严进策略’，当前位置判定为观望，必须等待回踩MA5支撑。,观望（严禁追高）,hold,58.0,3.24,20260302,3.32,20260325,2.58,2.4691,-20.3704,2
20260227,600821,金开新能,新型电力,遵循趋势交易理念，多头排列确立。但根据严进策略，当前乖离率>5%，必须等待回踩支撑位后的安全买点。,持仓者持有/空仓者观望,hold,58.0,7.39,20260302,7.4,20260325,11.25,0.1353,52.2327,2
20260227,603738,泰晶科技,元器件,引用交易理念：‘均线发散上行’符合趋势，但‘偏离MA5超过5%’触发一票否决追高，必须执行‘严进策略’。,持仓者减仓/空仓者观望,hold,58.0,21.78,20260302,23.96,20260325,25.38,10.0092,16.5289,2
20260227,601975,招商南油,水运,符合趋势交易理念：多头排列顺势而为，且当前处于强势趋势股回踩买点观察期，筹码结构健康。,持有/回踩买入,hold,72.0,4.11,20260302,4.52,20260325,4.64,9.9757,12.8954,4
20260227,002177,御银股份,其他商业,严格遵守‘严进策略’，当前乖离率>5%，判定为观望。仅在缩量回踩MA5（8.88元附近）且支撑有效时符合买入逻辑。,观望,hold,55.0,9.69,20260302,9.28,20260325,7.79,-4.2312,-19.6078,1
20260227,300369,绿盟科技,软件服务,符合核心理念：多头排列顺势而为，且乖离率<2%处于最佳买点区间，缩量回踩MA5获得支撑，安全性高。,买入,buy,65.0,9.73,20260302,9.2,20260325,9.02,-5.4471,-7.297,1
20260227,002015,协鑫能科,新型电力,虽然多头排列趋势良好，但MA10乖离率8.85%已超出安全范围，且缩量上涨表明上攻动能不足，不符合严进策略要求,持有,hold,72.0,14.16,20260302,13.71,20260325,20.02,-3.178,41.3842,3
20260227,600126,杭钢股份,普钢,今日不具备买入条件。根据【严进策略】，当股价偏离MA5超过5%时，坚决不买入，当前乖离率7.62%已超过此限制。同时，公司基本面存在严重问题（2025年中报净利润同比下降213.44%），不符合效率优先原则，估值不合理。,观望,hold,45.0,9.94,20260302,9.59,20260325,8.63,-3.5211,-13.1791,1
20260227,600397,江钨装备,专用机械,量化因子靠前：macd_boll_resonance、volume_price、momentum,持有,hold,50.0,21.53,20260302,21.5,20260325,15.18,-0.1393,-29.4937,2
20260227,603618,杭电股份,电气设备,量化因子靠前：volume_price、momentum、macd_boll_resonance,持有,hold,50.0,18.15,20260302,18.33,20260325,22.8,0.9917,25.6198,4
20260227,603138,海量数据,软件服务,量化因子靠前：macd_boll_resonance、momentum、volume_price,小仓位逢低买入/持有,buy,60.0,22.8,20260302,22.3,20260325,19.82,-2.193,-13.0702,1
20260227,603950,长源东谷,汽车配件,量化因子靠前：macd_boll_resonance、volume_price、momentum,持有,hold,50.0,44.51,20260302,48.96,20260325,,9.9978,,2
20260227,000628,高新发展,建筑工程,量化因子靠前：macd_boll_resonance、volume_price、volatility_health,持有,hold,50.0,57.31,20260302,57.08,20260325,50.3,-0.4013,-12.2317,1
20260227,000767,晋控电力,火力发电,量化因子靠前：macd_boll_resonance、volume_price、momentum,持有,hold,50.0,3.78,20260302,3.67,20260325,4.21,-2.9101,11.3757,1
20260227,600157,永泰能源,火力发电,量化因子靠前：macd_boll_resonance、volatility_health、volume_price,持有,hold,50.0,1.83,20260302,1.91,20260325,1.98,4.3716,8.1967,1
20260227,002655,共达电声,元器件,量化因子靠前：macd_boll_resonance、volume_price、momentum,持有,hold,50.0,17.12,20260302,17.75,20260325,17.69,3.6799,3.3294,1
20260227,300395,菲利华,玻璃,量化因子靠前：macd_boll_resonance、momentum、volume_price,持有,hold,50.0,134.32,20260302,129.5,20260325,97.1,-3.5884,-27.7099,1
20260226,600589,大位科技,软件服务,符合趋势交易理念：MA5>MA10>MA20多头排列，且当前价格回靠MA5，乖离率处于2%-5%的可介入区间。,持有/小仓位介入,hold,62.0,12.55,20260227,13.04,20260325,11.14,3.9044,-11.2351,2
20260226,002506,协鑫集成,电气设备,量化因子靠前：momentum、chip_support、chip_concentration,,,,5.03,20260227,5.01,20260325,5.79,-0.3976,15.1093,1
20260226,600410,华胜天成,软件服务,遵循‘严进策略’，因乖离率过高判定为观望。仅在缩量回踩MA5支撑位时方可考虑介入。,观望,hold,58.0,27.27,20260227,28.94,20260325,25.6,6.1239,-6.1239,7
20260226,300570,太辰光,通信设备,量化因子靠前：chip_support、momentum、chip_concentration,,,,143.7,20260227,135.86,20260325,119.21,-5.4558,-17.0424,2
20260226,002054,德美化工,染料涂料,量化因子靠前：momentum、macd_boll_resonance、volume_price,,,,11.53,20260227,11.53,20260325,8.62,0.0,-25.2385,1
20260226,300249,依米康,IT设备,量化因子靠前：macd_boll_resonance、volume_price、chip_concentration,,,,18.36,20260227,17.85,20260325,17.6,-2.7778,-4.1394,3
20260226,603618,杭电股份,电气设备,量化因子靠前：volume_price、momentum、chip_concentration,持有,hold,50.0,16.5,20260227,18.15,20260325,22.8,10.0,38.1818,4
20260226,603960,克来机电,汽车配件,量化因子靠前：chip_support、macd_boll_resonance、momentum,,,,26.24,20260227,26.03,20260325,20.01,-0.8003,-23.7424,1
20260226,300107,建新股份,化工原料,量化因子靠前：macd_boll_resonance、chip_support、momentum,,,,9.65,20260227,9.45,20260325,7.16,-2.0725,-25.8031,1
20260226,600330,天通股份,专用机械,量化因子靠前：chip_support、momentum、chip_concentration,,,,17.56,20260227,17.15,20260325,16.63,-2.3349,-5.2961,1
20260226,002837,英维克,专用机械,量化因子靠前：macd_boll_resonance、chip_concentration、volume_price,,,,113.7,20260227,108.5,20260325,98.5,-4.5734,-13.3685,1
20260226,301588,美新科技,家居用品,量化因子靠前：chip_support、volatility_health、chip_concentration,,,,25.09,20260227,24.71,20260325,23.44,-1.5145,-6.5763,1
20260226,600498,烽火通信,通信设备,虽然趋势为多头排列，但根据'严进策略'，乖离率8.35%已超过5%红线，严禁追高。需等待缩量回调至MA5附近再考虑介入。,观望,hold,52.0,46.86,20260227,51.55,20260325,46.95,10.0085,0.1921,2
20260226,002323,雅博股份,建筑工程,量化因子靠前：momentum、macd_boll_resonance、volume_price,,,,2.48,20260227,2.42,20260325,2.71,-2.4194,9.2742,1
20260226,920662,方盛股份,机械基件,量化因子靠前：macd_boll_resonance、chip_support、volume_price,,,,32.62,20260227,32.25,20260325,25.65,-1.1343,-21.3673,1
20260226,300657,弘信电子,元器件,量化因子靠前：macd_boll_resonance、volatility_health、chip_concentration,,,,32.95,20260227,33.61,20260325,30.48,2.003,-7.4962,1
20260226,000815,美利云,通信设备,量化因子靠前：chip_support、volume_price、chip_concentration,,,,14.6,20260227,15.0,20260325,21.29,2.7397,45.8219,1
20260226,002155,湖南黄金,黄金,严格遵循'严进策略'：乖离率0.54%远低于5%警戒线，MA5附近是最佳买点；遵循'趋势交易'：多头排列且均线发散上行；量能缩量回调说明主力洗盘，可逢低介入,买入,buy,85.0,34.27,20260227,37.7,20260325,28.93,10.0088,-15.5821,1
20260226,002272,川润股份,机械基件,量化因子靠前：macd_boll_resonance、volume_price、chip_concentration,,,,19.21,20260227,19.47,20260325,16.75,1.3535,-12.8058,2
20260226,300812,易天股份,专用机械,量化因子靠前：macd_boll_resonance、momentum、volume_price,,,,45.55,20260227,45.52,20260325,35.32,-0.0659,-22.4588,3
20260225,603618,杭电股份,电气设备,量化因子靠前：momentum、ema_trend、macd,持有,hold,50.0,15.14,20260226,16.5,20260325,22.8,8.9828,50.5945,4
20260225,300812,易天股份,专用机械,量化因子靠前：momentum、ema_trend、macd,,,,43.2,20260226,45.55,20260325,35.32,5.4398,-18.2407,3
20260225,002455,百川股份,化工原料,量化因子靠前：momentum、ema_trend、macd,,,,14.32,20260226,14.1,20260325,12.47,-1.5363,-12.919,1
20260225,301362,民爆光电,电气设备,量化因子靠前：momentum、ema_trend、macd,,,,91.09,20260226,90.66,20260325,98.6,-0.4721,8.2446,2
20260225,605006,山东玻纤,玻璃,量化因子靠前：momentum、ema_trend、macd,,,,10.69,20260226,11.1,20260325,8.85,3.8354,-17.2123,1
20260225,600482,中国动力,船舶,量化因子靠前：momentum、ema_trend、macd,,,,33.42,20260226,34.15,20260325,31.96,2.1843,-4.3686,1
20260225,300264,佳创视讯,软件服务,量化因子靠前：momentum、ema_trend、macd,,,,10.82,20260226,11.09,20260325,10.31,2.4954,-4.7135,1
20260225,301281,科源制药,化学制药,量化因子靠前：momentum、ema_trend、macd,,,,41.82,20260226,42.75,20260325,46.41,2.2238,10.9756,1
20260225,600176,中国巨石,玻璃,量化因子靠前：momentum、ema_trend、macd,,,,27.62,20260226,28.5,20260325,25.29,3.1861,-8.4359,2
20260225,600722,金牛化工,化工原料,量化因子靠前：momentum、ema_trend、macd,,,,9.94,20260226,9.65,20260325,16.9,-2.9175,70.0201,2
20260225,600791,京能置业,全国地产,量化因子靠前：momentum、ema_trend、macd,,,,8.1,20260226,8.31,20260325,8.91,2.5926,10.0,1
20260225,603980,吉华集团,染料涂料,量化因子靠前：momentum、ema_trend、macd,,,,8.4,20260226,8.24,20260325,6.46,-1.9048,-23.0952,2
20260225,002806,华锋股份,汽车配件,量化因子靠前：ema_trend、macd、stochastic,,,,16.5,20260226,16.84,20260325,13.17,2.0606,-20.1818,1
20260225,600345,长江通信,通信设备,量化因子靠前：momentum、ema_trend、macd,,,,42.89,20260226,43.51,20260325,39.99,1.4456,-6.7615,1
20260225,300277,海联讯,机械基件,量化因子靠前：momentum、ema_trend、macd,,,,21.39,20260226,25.0,20260325,19.58,16.877,-8.4619,1
20260225,000070,特发信息,通信设备,量化因子靠前：momentum、ema_trend、macd,,,,18.14,20260226,18.12,20260325,15.86,-0.1103,-12.5689,2
20260225,301018,申菱环境,专用机械,量化因子靠前：momentum、ema_trend、macd,,,,97.71,20260226,108.85,20260325,90.89,11.4011,-6.9798,2
20260225,603308,应流股份,机械基件,量化因子靠前：ema_trend、macd、momentum,,,,66.42,20260226,73.06,20260325,63.53,9.997,-4.3511,1
20260225,300749,顶固集创,家居用品,量化因子靠前：momentum、ema_trend、macd,,,,35.6,20260226,32.59,20260325,30.88,-8.4551,-13.2584,1
20260225,603301,振德医疗,医疗保健,量化因子靠前：ema_trend、macd、stochastic,,,,89.79,20260226,87.59,20260325,94.05,-2.4502,4.7444,1
20260224,603980,吉华集团,染料涂料,量化因子靠前：momentum、ema_trend、macd,,,,8.26,20260225,8.4,20260325,6.46,1.6949,-21.7918,2
20260224,600722,金牛化工,化工原料,量化因子靠前：momentum、ema_trend、macd,,,,9.74,20260225,9.94,20260325,16.9,2.0534,73.5113,2
20260224,000070,特发信息,通信设备,量化因子靠前：momentum、ema_trend、macd,,,,18.2,20260225,18.14,20260325,15.86,-0.3297,-12.8571,2
20260224,300812,易天股份,专用机械,量化因子靠前：momentum、ema_trend、macd,,,,44.44,20260225,43.2,20260325,35.32,-2.7903,-20.5221,3
20260224,300846,首都在线,软件服务,严格遵循趋势交易理念：MA5>MA10>MA20多头排列，且乖离率4.64%未超过5%追高警戒线，属于强势趋势股的回踩/突破初期介入点。,加仓/持有,hold,75.0,35.14,20260225,31.8,20260325,30.16,-9.5048,-14.1719,2
20260224,603950,长源东谷,汽车配件,量化因子靠前：ema_trend、stochastic、macd,持有,hold,50.0,38.78,20260225,36.78,20260325,,-5.1573,,2
20260224,300819,聚杰微纤,纺织,量化因子靠前：momentum、ema_trend、macd,,,,51.73,20260225,53.38,20260325,41.1,3.1896,-20.549,1
20260224,002634,棒杰股份,服饰,量化因子靠前：momentum、ema_trend、macd,,,,7.51,20260225,7.21,20260325,6.91,-3.9947,-7.9893,1
20260224,300739,明阳电路,元器件,量化因子靠前：momentum、ema_trend、macd,,,,25.03,20260225,29.3,20260325,25.35,17.0595,1.2785,2
20260224,300570,太辰光,通信设备,量化因子靠前：momentum、ema_trend、macd,,,,147.97,20260225,139.31,20260325,119.21,-5.8525,-19.4364,2
20260224,002009,天奇股份,工程机械,量化因子靠前：momentum、ema_trend、macd,,,,35.87,20260225,33.23,20260325,24.47,-7.3599,-31.7814,1
20260224,301362,民爆光电,电气设备,量化因子靠前：momentum、ema_trend、macd,,,,87.98,20260225,91.09,20260325,98.6,3.5349,12.0709,2
20260224,300480,光力科技,专用机械,量化因子靠前：momentum、ema_trend、macd,,,,27.53,20260225,27.72,20260325,27.81,0.6902,1.0171,1
20260224,301580,爱迪特,医疗保健,量化因子靠前：momentum、ema_trend、macd,,,,69.52,20260225,75.8,20260325,71.2,9.0334,2.4166,1
20260224,603618,杭电股份,电气设备,量化因子靠前：momentum、ema_trend、macd,持有,hold,50.0,15.8,20260225,15.14,20260325,22.8,-4.1772,44.3038,4
20260224,600683,京投发展,区域地产,量化因子靠前：momentum、ema_trend、macd,,,,7.11,20260225,7.47,20260325,11.01,5.0633,54.8523,1
20260224,603150,万朗磁塑,塑料,量化因子靠前：momentum、ema_trend、macd,,,,60.31,20260225,58.07,20260325,45.4,-3.7141,-24.7223,1
20260224,301018,申菱环境,专用机械,量化因子靠前：momentum、ema_trend、macd,,,,96.91,20260225,97.71,20260325,90.89,0.8255,-6.2119,2
20260224,600590,泰豪科技,通信设备,量化因子靠前：momentum、ema_trend、macd,,,,13.34,20260225,14.01,20260325,13.8,5.0225,3.4483,1
20260224,002378,章源钨业,小金属,量化因子靠前：momentum、ema_trend、macd,,,,30.5,20260225,33.55,20260325,32.13,10.0,5.3443,3
